id;slug;city;municipality;area_type;page_template;region;page_title;meta_description;hero_eyebrow;hero_title;hero_subtitle;intro_title;intro_text;region_text;seo_content_html;faq_html;is_active
49;delft;Delft;Delft;city;city;Zuid-Holland;"Cv-ketel storing in Delft? Gratis ketelcheck";"Cv-ketel storing, lekkage of geen warm water in Delft? Doe de gratis ketelcheck en ontvang binnen 24 uur advies of een passende offerte.";"Cv-ketel hulp in Delft";"Cv-ketel storing of lekkage in Delft?";"Van oude stadswoning tot appartement of studentenhuis: bij storing, lekkage of geen warm water in Delft helpt de ketelcheck om snel de juiste vervolgstap te bepalen.";"Snel duidelijkheid bij cv-ketelproblemen in Delft";"Delft heeft historische woningen, compacte installaties, studentenhuizen en appartementen. Daardoor kunnen bereikbaarheid, ruimte rond de ketel en rookgasafvoer extra belangrijk zijn. Met de ketelcheck geeft u de klacht, ketelleeftijd en eventueel foto’s door, zodat sneller duidelijk wordt of reparatie of vervanging logisch is.";"KetelOfferte24.nl helpt bij cv-ketelproblemen in Delft en omgeving, waaronder storing, lekkage, drukverlies, geen warm water en vervangen.";"<h2>Veelvoorkomende cv-ketelproblemen in Delft</h2><p>In Delft komen cv-ketelproblemen voor in uiteenlopende woningen: historische panden, appartementen, studentenhuizen en gezinswoningen. Een ketel kan storing geven door lage waterdruk, ouderdom, slechte doorstroming of een onderdeel dat vervangen moet worden. Bij lekkage of steeds wegvallend warm water is snelle beoordeling verstandig.</p><h2>Compacte installaties en oude woningen</h2><p>In oudere of compacte woningen is de technische ruimte soms beperkt. Dat kan invloed hebben op bereikbaarheid, rookgasafvoer en vervanging. Stuur daarom bij voorkeur foto’s mee van de ketel, de plek waar deze hangt en het typeplaatje. Zo wordt sneller duidelijk of reparatie of vervanging haalbaar is.</p><h2>Reparatie of nieuwe cv-ketel?</h2><p>Is uw ketel jong en is de storing eenmalig, dan ligt reparatie vaak voor de hand. Is de ketel ouder dan ongeveer 12 tot 15 jaar, zijn onderdelen lastig verkrijgbaar of komt de storing terug, dan kan vervangen verstandiger zijn. De ketelcheck helpt om deze afweging scherp te maken.</p><h2>Veiligheid eerst</h2><p>Bij gaslucht, koolmonoxidevermoeden of flinke lekkage moet u niet wachten op een gewone offerteaanvraag. Ventileer, ga naar buiten en neem contact op met de juiste noodpartij. Voor werkzaamheden aan gasverbrandingsinstallaties hoort een CO-gecertificeerd bedrijf te worden ingeschakeld. Controleer dit altijd bij de uitvoerende partij.</p>";"<h2>Veelgestelde vragen over cv-ketels in Delft</h2><h3>Kan ik een aanvraag doen voor een studentenhuis?</h3><p>Ja, maar stem bij huur of gedeelde installaties eerst af wie verantwoordelijk is voor de ketel.</p><h3>Wat als de ketel op een moeilijk bereikbare plek hangt?</h3><p>Stuur foto’s mee van de opstelling. Bereikbaarheid kan invloed hebben op reparatie of vervanging.</p><h3>Hoe snel krijg ik duidelijkheid?</h3><p>Na de ketelcheck ontvangt u binnen 24 uur richting, advies of een passende offerte wanneer dat logisch is.</p><h3>Moet ik het type ketel weten?</h3><p>Dat helpt, maar is niet verplicht. Een foto van het typeplaatje is vaak genoeg.</p><h3>Wanneer is vervangen verstandig?</h3><p>Bij oudere ketels, terugkerende storingen, lekkage of hoge energiekosten kan vervangen voordeliger zijn dan repareren.</p>";1
24;binnenstad-delft;"Binnenstad Delft";Delft;district;default;Zuid-Holland;"Cv-ketel storing Binnenstad Delft? Check reparatie of offerte";"Cv-ketel storing, lekkage of geen warm water in de Binnenstad van Delft? Doe de ketelcheck en ontvang binnen 24 uur duidelijkheid.";"Ketelcheck Binnenstad Delft";"Cv-ketel storing in de Binnenstad van Delft?";"Woont u in een oudere stadswoning, appartement of bovenwoning en geeft uw cv-ketel storing, lekkage of geen warm water? Doe de ketelcheck en ontvang snel duidelijkheid.";"Oude stadswoningen vragen om een scherpe beoordeling";"In de Binnenstad van Delft hangen cv-ketels regelmatig in compacte technische ruimtes, oudere panden of appartementen. Bij storing, drukverlies of lekkage is het daarom belangrijk om ook bereikbaarheid, ketelplek en rookgasafvoer mee te nemen. Foto’s helpen om de aanvraag concreter te maken.";"De Binnenstad van Delft valt binnen gemeente Delft. KetelOfferte24.nl helpt bewoners met een eigen cv-ketel bij storing, lekkage, geen warm water, drukverlies en vervangen.";"<h2>Cv-ketelproblemen in de Binnenstad van Delft</h2><p>In de Binnenstad van Delft kunnen cv-ketelproblemen extra lastig zijn door oudere woningen, smalle trappen, compacte installatieruimtes en appartementen boven winkels of in monumentale panden. Een storing of lekkage vraagt daarom niet alleen om een snelle reactie, maar ook om een goede beoordeling van de plek waar de ketel hangt.</p><h2>Storing, lekkage of geen warm water</h2><p>Veelvoorkomende klachten zijn foutcodes, drukverlies, geen warm water, lekkage of lawaai uit de ketel. Noteer de foutcode en stuur foto’s mee van het toestel, typeplaatje en de ruimte rond de ketel. Zo kan sneller worden bepaald of reparatie logisch is of dat vervanging beter past.</p><h2>Repareren of vervangen in een oud pand</h2><p>Bij oudere woningen kan vervanging extra aandacht vragen voor rookgasafvoer, ventilatie en bereikbaarheid. Een jonge ketel met een duidelijk defect kan vaak nog gerepareerd worden. Bij oudere ketels, terugkerende storingen of lekkage wordt vergelijken met vervanging verstandiger.</p><h2>Links naar relevante hulp</h2><p>Bekijk ook de hoofdroute voor <a href=""/delft/"">cv-ketelproblemen in Delft</a>, <a href=""/cv-ketel-storing-zuid-holland/"">cv-ketel storing</a>, <a href=""/cv-ketel-lekt-zuid-holland/"">lekkage</a>, <a href=""/geen-warm-water-zuid-holland/"">geen warm water</a> en <a href=""/cv-ketel-vervangen-zuid-holland/"">cv-ketel vervangen</a>.</p>";"<h2>Veelgestelde vragen over cv-ketels in de Binnenstad van Delft</h2><h3>Is de ketelcheck geschikt voor oude stadswoningen?</h3><p>Ja, geef wel duidelijk aan waar de ketel hangt en stuur foto’s mee van de ketelruimte.</p><h3>Wat als mijn woning monumentaal is?</h3><p>Dan kunnen bereikbaarheid, rookgasafvoer en plaatsing extra aandacht vragen. Vermeld dit in de toelichting.</p><h3>Kan ik foto’s meesturen?</h3><p>Ja, foto’s van de ketel, het typeplaatje, leidingen en de plek van de ketel helpen sterk.</p><h3>Wanneer is vervangen verstandig?</h3><p>Bij een oude ketel, terugkerende storing, lekkage of hoge reparatiekosten kan vervangen logischer zijn.</p><h3>Wat bij gaslucht of rook?</h3><p>Neem direct veiligheidsmaatregelen. Gebruik geen gewone offerteaanvraag als eerste stap bij acuut gevaar.</p>";1
25;hof-van-delft;"Hof van Delft";Delft;district;default;Zuid-Holland;"Cv-ketel storing Hof van Delft? Reparatie of offerte";"Cv-ketel storing, lekkage of geen warm water in Hof van Delft? Doe de ketelcheck en ontvang advies over reparatie of vervangen.";"Ketelcheck Hof van Delft";"Cv-ketel storing in Hof van Delft?";"Geeft uw cv-ketel storing, verliest hij druk of heeft u geen warm water? Doe de ketelcheck en krijg snel duidelijkheid over repareren of vervangen.";"Duidelijkheid bij storing in Hof van Delft";"Hof van Delft heeft een mix van oudere woningen, appartementen en gezinswoningen. Bij cv-ketelproblemen is het belangrijk om klacht, ketelleeftijd, woningtype en bereikbaarheid mee te nemen. Met foto’s van de ketel kan uw aanvraag beter worden beoordeeld.";"Hof van Delft valt binnen Delft. KetelOfferte24.nl helpt bewoners met een eigen cv-ketel bij storing, lekkage, geen warm water, drukverlies en vervangen.";"<h2>Cv-ketelproblemen in Hof van Delft</h2><p>In Hof van Delft kunnen storingen ontstaan door ouderdom, lage waterdruk, een defect onderdeel of achterstallig onderhoud. Omdat de wijk verschillende woningtypen heeft, verschilt ook de beste oplossing per woning.</p><h2>Wanneer repareren en wanneer vervangen?</h2><p>Bij een jonge ketel met een duidelijke foutcode is reparatie vaak logisch. Bij terugkerende storing, lekkage, hoge energiekosten of een oudere ketel wordt vervangen sneller interessant. De ketelcheck helpt om deze keuze te onderbouwen.</p><h2>Maak uw aanvraag concreet</h2><p>Stuur foto’s mee van het display, typeplaatje, leidingen en de plek waar de ketel hangt. Geef ook aan of warm water, verwarming of beide problemen geven.</p><h2>Relevante routes</h2><p>Bekijk ook <a href=""/delft/"">cv-ketel hulp in Delft</a>, <a href=""/cv-ketel-storing-zuid-holland/"">cv-ketel storing</a>, <a href=""/cv-ketel-lekt-zuid-holland/"">lekkage</a>, <a href=""/drukverlies-cv-ketel-zuid-holland/"">drukverlies</a> en <a href=""/cv-ketel-vervangen-zuid-holland/"">cv-ketel vervangen</a>.</p>";"<h2>Veelgestelde vragen over cv-ketels in Hof van Delft</h2><h3>Kan ik bij storing direct een aanvraag doen?</h3><p>Ja, vul de ketelcheck in en vermeld foutcode, druk en klacht.</p><h3>Is vervangen altijd nodig?</h3><p>Nee, bij jongere ketels kan reparatie voldoende zijn.</p><h3>Waarom foto’s meesturen?</h3><p>Foto’s maken duidelijk welk type ketel u heeft en waar het probleem zit.</p><h3>Wat bij steeds drukverlies?</h3><p>Terugkerend drukverlies kan wijzen op lekkage of een defect onderdeel.</p><h3>Is de aanvraag verplichtend?</h3><p>Nee, u krijgt eerst duidelijkheid over de vervolgstap.</p>";1
27;schieweg-delft;Schieweg;Delft;district;default;Zuid-Holland;"Cv-ketel storing Schieweg Delft? Eigen ketel checken";"Cv-ketel storing, drukverlies of geen warm water bij Schieweg Delft? Doe de ketelcheck als uw woning een eigen cv-ketel heeft.";"Ketelcheck Schieweg Delft";"Cv-ketel storing bij Schieweg Delft?";"Heeft uw woning een eigen cv-ketel en merkt u storing, drukverlies, lekkage of geen warm water? Start de ketelcheck voor duidelijke vervolgstappen.";"Gericht advies bij een eigen cv-ketel";"Rondom Schieweg in Delft verschilt de verwarmingssituatie per woning. De ketelcheck is vooral bedoeld voor bewoners met een eigen cv-ketel die storing, lekkage, drukverlies of warmwaterproblemen ervaren.";"Schieweg Delft valt binnen gemeente Delft. KetelOfferte24.nl helpt bij cv-ketelproblemen in woningen met een eigen cv-installatie.";"<h2>Cv-ketelproblemen bij Schieweg Delft</h2><p>Bij woningen rond Schieweg kan de situatie verschillen per huis of appartement. Heeft u een eigen cv-ketel, dan kunt u via de ketelcheck snel doorgeven wat er speelt: storing, lekkage, drukverlies, geen warm water of twijfel over vervanging.</p><h2>Eigen ketel of collectieve verwarming?</h2><p>Controleer eerst of u een eigen cv-ketel heeft. Bij collectieve verwarming of afspraken via verhuurder of VvE ligt de route anders. Bij een eigen ketel helpen foto’s van toestel en typeplaatje om de aanvraag concreet te maken.</p><h2>Repareren of vervangen</h2><p>Een eenmalige storing kan vaak gerepareerd worden. Bij oudere ketels, terugkerende problemen of hoge energiekosten is vervangen soms verstandiger.</p><h2>Relevante routes</h2><p>Bekijk ook <a href=""/delft/"">cv-ketel hulp in Delft</a>, <a href=""/cv-ketel-storing-zuid-holland/"">storing</a>, <a href=""/geen-warm-water-zuid-holland/"">geen warm water</a>, <a href=""/drukverlies-cv-ketel-zuid-holland/"">drukverlies</a> en <a href=""/gecertificeerde-cv-monteur-zuid-holland/"">gecertificeerde cv-monteur</a>.</p>";"<h2>Veelgestelde vragen over cv-ketels bij Schieweg Delft</h2><h3>Is dit geschikt als ik in een appartement woon?</h3><p>Ja, als u een eigen cv-ketel heeft. Bij collectieve verwarming is de route anders.</p><h3>Wat moet ik meesturen?</h3><p>Foto’s van ketel, typeplaatje, foutcode en de plek waar de ketel hangt.</p><h3>Kan drukverlies door leidingen komen?</h3><p>Ja, drukverlies kan door ketel, leidingen, radiatoren of expansievat ontstaan.</p><h3>Wanneer is vervangen logisch?</h3><p>Bij oude ketels, terugkerende storingen of hoge reparatiekosten.</p><h3>Wat bij gaslucht?</h3><p>Neem direct veiligheidsmaatregelen en gebruik een offerteaanvraag niet als eerste stap.</p>";1
28;tanthof;Tanthof;Delft;district;default;Zuid-Holland;"Cv-ketel vervangen in Tanthof? Ketelcheck en offerte";"Cv-ketel storing, oude ketel of geen warm water in Tanthof? Doe de ketelcheck en ontvang advies over reparatie of vervangen.";"Ketelcheck Tanthof";"Cv-ketel vervangen of storing in Tanthof?";"Heeft u in Tanthof een oudere cv-ketel, terugkerende storing, drukverlies of geen warm water? Start de ketelcheck en ontvang snel duidelijkheid.";"Voor gezinswoningen en oudere installaties in Tanthof";"In Tanthof staan veel gezinswoningen waar comfort en betrouwbaar warm water belangrijk zijn. Als een oudere cv-ketel steeds storing geeft of duurder wordt in onderhoud, is het slim om repareren en vervangen goed te vergelijken.";"Tanthof ligt in Delft. KetelOfferte24.nl helpt bewoners met een eigen cv-ketel bij storing, lekkage, drukverlies, geen warm water en vervangingsvragen.";"<h2>Cv-ketelproblemen in Tanthof</h2><p>In Tanthof draait het vaak om gezinswoningen waar warm water en verwarming dagelijks intensief worden gebruikt. Een cv-ketel die storing geeft, lawaai maakt of steeds druk verliest, kan dan snel veel overlast veroorzaken.</p><h2>Oude ketel of hoge energiekosten</h2><p>Veel bewoners vragen zich af of reparatie nog zinvol is. Bij een ketel die ouder wordt, vaker storing geeft of hogere energiekosten veroorzaakt, kan vervangen verstandiger zijn. De ketelcheck helpt om leeftijd, klacht en warmwaterbehoefte samen te bekijken.</p><h2>Wat maakt een aanvraag sterker?</h2><p>Stuur foto’s mee van de ketel, het typeplaatje, leidingen en de ruimte rond de installatie. Geef ook aan of het vooral gaat om verwarming, warm water, drukverlies of lekkage. Dat maakt de beoordeling concreter.</p><h2>Links naar relevante hulp</h2><p>Bekijk ook <a href=""/delft/"">cv-ketel hulp in Delft</a>, <a href=""/cv-ketel-vervangen-zuid-holland/"">cv-ketel vervangen</a>, <a href=""/cv-ketel-storing-zuid-holland/"">cv-ketel storing</a>, <a href=""/drukverlies-cv-ketel-zuid-holland/"">drukverlies</a> en <a href=""/geen-warm-water-zuid-holland/"">geen warm water</a>.</p>";"<h2>Veelgestelde vragen over cv-ketels in Tanthof</h2><h3>Wanneer moet ik mijn cv-ketel vervangen?</h3><p>Bij een oude ketel, terugkerende storingen, lekkage of hoge energiekosten kan vervangen verstandiger zijn.</p><h3>Kan ik eerst advies krijgen?</h3><p>Ja, de ketelcheck helpt om repareren en vervangen te vergelijken voordat u beslist.</p><h3>Welke informatie is handig?</h3><p>Ketelleeftijd, foutcode, waterdruk, foto’s en informatie over warmwatergebruik helpen.</p><h3>Is de aanvraag vrijblijvend?</h3><p>Ja, u ontvangt duidelijkheid zonder directe verplichting.</p><h3>Wat bij geen verwarming in een gezinswoning?</h3><p>Geef urgentie aan in de ketelcheck. Bij gevaarlijke signalen gaat veiligheid altijd voor.</p>";1
29;voorhof-buitenhof;"Voorhof / Buitenhof";Delft;district;default;Zuid-Holland;"Cv-ketel storing Voorhof of Buitenhof? Eigen ketel checken";"Cv-ketel storing, geen warm water of vervangen in Voorhof/Buitenhof Delft? Doe de ketelcheck als u een eigen cv-ketel heeft.";"Ketelcheck Voorhof/Buitenhof";"Cv-ketel storing in Voorhof of Buitenhof?";"Heeft uw woning een eigen cv-ketel en merkt u storing, lekkage, drukverlies of geen warm water? Doe de ketelcheck en ontvang snel duidelijkheid.";"Eerst checken of het om een eigen cv-ketel gaat";"In Voorhof en Buitenhof verschilt de verwarmingssituatie per woning. Sommige woningen hebben een eigen cv-ketel, andere appartementen kunnen met collectieve verwarming of VvE-afspraken te maken hebben. De ketelcheck is vooral bedoeld voor woningen met een eigen cv-ketel.";"Voorhof en Buitenhof liggen in Delft. KetelOfferte24.nl helpt bewoners met een eigen cv-installatie bij storing, lekkage, warmwaterproblemen en vervanging.";"<h2>Cv-ketelproblemen in Voorhof en Buitenhof</h2><p>Voorhof en Buitenhof bestaan uit verschillende woningtypen, waaronder appartementen en gezinswoningen. Daarom is de eerste vraag belangrijk: heeft uw woning een eigen cv-ketel, of is er sprake van collectieve verwarming, stadsverwarming of afspraken via verhuurder of VvE?</p><h2>Eigen cv-ketel? Dan is de ketelcheck geschikt</h2><p>Bij een eigen cv-ketel kunt u storing, lekkage, drukverlies of geen warm water via de ketelcheck doorgeven. Foto’s van ketel, typeplaatje en foutcode helpen om sneller te bepalen of reparatie, onderhoud of vervanging logisch is.</p><h2>Appartementen en VvE</h2><p>Woont u in een appartement, geef dan aan of u eigenaar of huurder bent en of de ketel individueel is. Bij gedeelde rookgasafvoer of VvE-afspraken kan extra afstemming nodig zijn voordat werk wordt uitgevoerd.</p><h2>Links naar relevante hulp</h2><p>Bekijk ook <a href=""/delft/"">cv-ketel hulp in Delft</a>, <a href=""/cv-ketel-storing-zuid-holland/"">cv-ketel storing</a>, <a href=""/geen-warm-water-zuid-holland/"">geen warm water</a>, <a href=""/drukverlies-cv-ketel-zuid-holland/"">drukverlies</a> en <a href=""/gecertificeerde-cv-monteur-zuid-holland/"">gecertificeerde cv-monteur</a>.</p>";"<h2>Veelgestelde vragen over cv-ketels in Voorhof en Buitenhof</h2><h3>Is de ketelcheck geschikt voor appartementen?</h3><p>Ja, als u een eigen cv-ketel heeft. Bij collectieve verwarming ligt de route anders.</p><h3>Wat als ik huurder ben?</h3><p>Controleer wie verantwoordelijk is voor de cv-ketel. Vaak loopt dit via verhuurder of beheerder.</p><h3>Waarom moet ik foto’s meesturen?</h3><p>Foto’s maken duidelijk of het om een eigen ketel gaat en waar het probleem zit.</p><h3>Kan drukverlies door de installatie komen?</h3><p>Ja, drukverlies kan door ketel, leidingen, radiatoren of expansievat ontstaan.</p><h3>Wanneer is een monteur nodig?</h3><p>Bij terugkerende storing, lekkage, geen warm water of onduidelijke foutcodes is beoordeling verstandig.</p>";1
26;wippolder;Wippolder;Delft;district;default;Zuid-Holland;"Cv-ketel storing Wippolder? Snel advies of offerte";"Geen warm water, lekkage of cv-ketel storing in Wippolder Delft? Doe de ketelcheck en ontvang binnen 24 uur duidelijkheid.";"Ketelcheck Wippolder";"Cv-ketel storing in Wippolder?";"Geen warm water, drukverlies, lekkage of een ketel die uitvalt? Doe de gratis ketelcheck voor Wippolder en ontvang snel duidelijkheid.";"Geen gedoe bij storing of warmwaterproblemen";"In Wippolder wilt u bij cv-ketelproblemen snel weten wat logisch is: repareren, vervangen of eerst extra controle. Met de ketelcheck geeft u klacht, urgentie, ketelleeftijd en foto’s door.";"Wippolder ligt in Delft. KetelOfferte24.nl helpt bewoners met een eigen cv-ketel bij storing, lekkage, drukverlies, geen warm water en vervangen.";"<h2>Cv-ketelproblemen in Wippolder</h2><p>Een storing in Wippolder kan gaan om geen warm water, koude radiatoren, drukverlies, lekkage of een ketel die veel lawaai maakt. De juiste vervolgstap hangt af van leeftijd, foutcode en de staat van de installatie.</p><h2>Snelle beoordeling met foto’s</h2><p>Foto’s van de ketel, foutcode, drukmeter en typeplaatje helpen om de situatie beter te beoordelen. Geef ook aan of het probleem plots is ontstaan of al vaker terugkomt.</p><h2>Repareren of vervangen?</h2><p>Bij een jonge ketel is reparatie vaak de eerste optie. Bij een oude of storingsgevoelige ketel kan vervangen op termijn goedkoper en betrouwbaarder zijn.</p><h2>Relevante routes</h2><p>Bekijk ook <a href=""/delft/"">cv-ketel hulp in Delft</a>, <a href=""/geen-warm-water-zuid-holland/"">geen warm water</a>, <a href=""/cv-ketel-storing-zuid-holland/"">storing</a>, <a href=""/cv-ketel-lekt-zuid-holland/"">lekkage</a> en <a href=""/cv-ketel-vervangen-zuid-holland/"">cv-ketel vervangen</a>.</p>";"<h2>Veelgestelde vragen over cv-ketels in Wippolder</h2><h3>Kan ik bij geen warm water een aanvraag doen?</h3><p>Ja, geef aan of de verwarming nog werkt en of er een foutcode is.</p><h3>Wat als de ketel druk verliest?</h3><p>Terugkerend drukverlies moet worden beoordeeld, zeker als u vaak moet bijvullen.</p><h3>Is reparatie altijd goedkoper?</h3><p>Niet altijd. Bij oude ketels of terugkerende storingen kan vervangen verstandiger zijn.</p><h3>Welke foto’s zijn handig?</h3><p>Display, typeplaatje, drukmeter, leidingen en de ketelruimte.</p><h3>Is de ketelcheck vrijblijvend?</h3><p>Ja, u krijgt eerst duidelijkheid over de mogelijke vervolgstap.</p>";1
48;den-haag;"Den Haag";"Den Haag";city;city;Zuid-Holland;"Cv-ketel storing in Den Haag? Binnen 24 uur advies";"Cv-ketel storing, lekkage, drukverlies of geen warm water in Den Haag? Doe de gratis ketelcheck en ontvang snel advies of een passende offerte.";"Cv-ketel hulp in Den Haag";"Cv-ketel storing, lekkage of geen warm water in Den Haag?";"Heeft u in Den Haag last van een cv-ketel die storing geeft, druk verliest, water lekt of geen warm water levert? Start de gratis ketelcheck en ontvang binnen 24 uur duidelijkheid.";"Snel duidelijkheid bij cv-ketelproblemen in Den Haag";"In Den Haag spelen cv-ketelproblemen vaak in appartementen, oudere woningen, bovenwoningen en huizen dicht bij de kust. Wind, vocht, rookgasafvoer en bereikbaarheid kunnen invloed hebben op de beoordeling. Met de ketelcheck brengt u de belangrijkste informatie snel bij elkaar.";"KetelOfferte24.nl helpt bij cv-ketelproblemen in Den Haag en omgeving, van storing en lekkage tot drukverlies, geen warm water en vervangen.";"<h2>Veelvoorkomende cv-ketelproblemen in Den Haag</h2><p>In Den Haag kunnen storingen ontstaan door verouderde installaties, appartementen met beperkte technische ruimte, drukverlies of problemen met warm water. Ook woningen dichter bij de kust kunnen extra aandacht vragen door vocht, windbelasting en oudere rookgasafvoer. Daarom is het handig om bij de aanvraag niet alleen de klacht te melden, maar ook uw woningtype en foto’s mee te sturen.</p><h2>Spoed of eerst beoordelen?</h2><p>Geen warm water of verwarming is vervelend, maar niet elke storing vraagt dezelfde route. Bij een foutcode of lage waterdruk kan reparatie logisch zijn. Bij lekkage, een oude ketel of terugkerende storingen kan vervangen verstandiger worden. De ketelcheck helpt om die keuze sneller te maken.</p><h2>Appartementen, VvE en eigen cv-ketel</h2><p>Woont u in een appartement in Den Haag? Controleer of u een eigen cv-ketel heeft of dat er sprake is van collectieve verwarming. Bij een eigen ketel kunt u meestal zelf een aanvraag doen. Bij gedeelde rookgasafvoer, collectieve installaties of VvE-afspraken kan toestemming of afstemming nodig zijn.</p><h2>Veiligheid en gecertificeerd werken</h2><p>Ruikt u gas of vermoedt u koolmonoxidegevaar? Ventileer, ga naar buiten en bel de juiste noodpartij. Voor installatie, reparatie, onderhoud en ingebruikstelling van gasverbrandingsinstallaties hoort een CO-gecertificeerd bedrijf te worden ingeschakeld. Laat dit altijd controleren bij de partij die het werk uitvoert.</p>";"<h2>Veelgestelde vragen over cv-ketels in Den Haag</h2><h3>Kan ik bij geen warm water direct een aanvraag doen?</h3><p>Ja. Geef aan of verwarming nog werkt, of er een foutcode is en hoe oud de ketel ongeveer is.</p><h3>Is dit geschikt voor appartementen?</h3><p>Ja, als u een eigen cv-ketel heeft. Bij collectieve installaties of VvE-afspraken kan de route anders zijn.</p><h3>Waarom foto’s meesturen?</h3><p>Foto’s van ketel, typeplaatje, foutcode of lekkage maken de beoordeling concreter.</p><h3>Wanneer moet ik veiligheid voorrang geven?</h3><p>Bij gaslucht, rook, koolmonoxidevermoeden of veel lekkage moet u direct veiligheidsmaatregelen nemen.</p><h3>Krijg ik altijd een offerte?</h3><p>U ontvangt duidelijkheid. Als een offerte logisch is, kan die worden voorbereid op basis van uw aanvraag.</p>";1
9;bouwlust-vrederust;"Bouwlust / Vrederust";"Den Haag";district;default;Zuid-Holland;"CV-ketel problemen in Bouwlust of Vrederust? | KetelOfferte24.nl";"CV-ketel storing, geen warm water of lekkage in Bouwlust of Vrederust? Doe de ketelcheck en ontvang binnen 24 uur advies of een offerte.";"Ketelcheck voor Bouwlust en Vrederust";"CV-ketel problemen in Bouwlust of Vrederust?";"Vraag snel duidelijkheid aan en ontvang binnen 24 uur eerlijk advies of een offerte.";"Weet snel of uw cv-ketel nog te redden is";"Heeft u in Bouwlust of Vrederust last van cv-ketel storing, drukverlies, lekkage of een ketel die steeds uitvalt? Vul de check in en ontdek wat logisch is.";"Bouwlust en Vrederust hebben veel woningen waar cv-ketelproblemen direct merkbaar zijn. KetelOfferte24.nl helpt bewoners snel met advies, vervanging of offerte-aanvraag.";;;1
13;kijkduin-ockenburgh;"Kijkduin / Ockenburgh";"Den Haag";district;default;Zuid-Holland;"CV-ketel vervangen in Kijkduin of Ockenburgh? | KetelOfferte24.nl";"Oude cv-ketel, storing of hoge energiekosten in Kijkduin of Ockenburgh? Doe de ketelcheck en ontvang binnen 24 uur advies of een offerte.";"Ketelcheck voor grotere koopwoningen";"CV-ketel vervangen in Kijkduin of Ockenburgh?";"Binnen 24 uur duidelijkheid over een passende cv-keteloplossing voor uw woning.";"Extra belangrijk bij grotere woningen";"In grotere koopwoningen merkt u een slecht werkende cv-ketel vaak direct: geen warm water, drukverlies, lawaai of oplopende energiekosten. De ketelcheck geeft snel richting.";"KetelOfferte24.nl richt zich in Kijkduin en Ockenburgh vooral op grotere koopwoningen met een eigen cv-installatie waar vervanging, capaciteit en betrouwbaarheid belangrijk zijn.";;;1
10;leidschenveen;Leidschenveen;"Den Haag";district;default;Zuid-Holland;"CV-ketel problemen in Leidschenveen? | KetelOfferte24.nl";"Oude cv-ketel, storing of hoge energiekosten in Leidschenveen? Doe de snelle ketelcheck en ontvang binnen 24 uur advies of een offerte.";"Snelle ketelcheck voor Leidschenveen";"CV-ketel vervangen in Leidschenveen?";"Binnen 24 uur duidelijkheid over uw cv-ketel, inclusief eerlijk advies of een offerte.";"Slim kiezen bij storing of hoge energiekosten";"Woont u in Leidschenveen en twijfelt u door storing, lawaai, drukverlies of een oude cv-ketel? De ketelcheck laat zien of repareren of vervangen beter past.";"In Leidschenveen zijn veel modernere koopwoningen waar comfort en energieverbruik belangrijk zijn. KetelOfferte24.nl helpt bij cv-ketelproblemen en vervangingsvragen.";;;1
14;leyenburg-leyweg;"Leyenburg / Leyweg";"Den Haag";district;default;Zuid-Holland;"CV-ketel problemen in Leyenburg of Leyweg? | KetelOfferte24.nl";"Heeft uw woning in Leyenburg of Leyweg een eigen cv-ketel met storing, lekkage of drukverlies? Doe de ketelcheck en ontvang binnen 24 uur duidelijkheid.";"Ketelcheck voor woningen met eigen cv-ketel";"CV-ketel problemen in Leyenburg of Leyweg?";"Heeft u geen stadsverwarming maar een eigen cv-ketel? Ontvang binnen 24 uur advies of een offerte.";"Alleen relevant bij een eigen cv-installatie";"In Leyenburg en rond de Leyweg komt ook stadsverwarming voor. Heeft uw woning een eigen cv-ketel en merkt u storing, lekkage of geen warm water? Dan helpt de ketelcheck snel.";"KetelOfferte24.nl ondersteunt bewoners in Leyenburg en Leyweg vooral wanneer er een eigen cv-ketel aanwezig is en repareren of vervangen de vraag is.";;;1
4;loosduinen;Loosduinen;"Den Haag";district;default;Zuid-Holland;"Cv-ketel storing Loosduinen? Reparatie of vervangen checken";"Cv-ketel storing, drukverlies of geen warm water in Loosduinen? Doe de ketelcheck en ontvang advies of een passende offerte.";"Ketelcheck Loosduinen";"Cv-ketel storing in Loosduinen?";"Heeft u in Loosduinen last van storing, drukverlies, lekkage of geen warm water? Start de ketelcheck en krijg snel duidelijkheid.";"Snel weten of repareren of vervangen verstandig is";"In Loosduinen staan verschillende woningtypen, van gezinswoningen tot appartementen. Bij een oude of storende cv-ketel is het slim om niet alleen naar de klacht te kijken, maar ook naar leeftijd, comfort en kosten.";"Loosduinen valt binnen Den Haag. KetelOfferte24.nl helpt bewoners met een eigen cv-installatie bij storing, lekkage, drukverlies, geen warm water en vervangen.";"<h2>Cv-ketelproblemen in Loosduinen</h2><p>Heeft u in Loosduinen geen warm water, drukverlies of een ketel die storing geeft? Dan wilt u snel weten wat verstandig is. De oorzaak kan een defect onderdeel zijn, maar ook ouderdom of achterstallig onderhoud.</p><h2>Reparatie of vervanging</h2><p>Een jonge ketel kan vaak gerepareerd worden. Bij een oude ketel met terugkerende storingen, lekkage of hoge energiekosten kan vervangen een betere keuze zijn.</p><h2>Maak de aanvraag compleet</h2><p>Vul klacht, urgentie, ketelleeftijd en postcode in. Foto’s van display, typeplaatje en ketelplek helpen bij een betere beoordeling.</p><h2>Relevante routes</h2><p>Bekijk ook <a href=""/den-haag/"">cv-ketel hulp in Den Haag</a>, <a href=""/cv-ketel-storing-zuid-holland/"">storing</a>, <a href=""/geen-warm-water-zuid-holland/"">geen warm water</a>, <a href=""/drukverlies-cv-ketel-zuid-holland/"">drukverlies</a> en <a href=""/cv-ketel-vervangen-zuid-holland/"">vervangen</a>.</p>";"<h2>Veelgestelde vragen over cv-ketels in Loosduinen</h2><h3>Kan ik advies krijgen zonder direct opdracht?</h3><p>Ja, de ketelcheck is vrijblijvend.</p><h3>Wanneer is vervangen verstandig?</h3><p>Bij oudere ketels, terugkerende storingen of hoge kosten.</p><h3>Wat als ik geen warm water heb?</h3><p>Geef aan of de verwarming nog werkt en of er een foutcode is.</p><h3>Moet ik foto’s meesturen?</h3><p>Dat is niet verplicht, maar helpt wel.</p><h3>Wat bij gaslucht?</h3><p>Neem direct veiligheidsmaatregelen en schakel passende hulp in.</p>";1
8;mariahoeve-en-marlot;"Mariahoeve en Marlot";"Den Haag";district;default;Zuid-Holland;"CV-ketel problemen in Mariahoeve en Marlot? | KetelOfferte24.nl";"Problemen met uw cv-ketel in Mariahoeve of Marlot? Doe de snelle ketelcheck en ontvang binnen 24 uur duidelijkheid, advies of een offerte.";"Snelle ketelcheck voor Mariahoeve en Marlot";"CV-ketel problemen in Mariahoeve of Marlot?";"Binnen 24 uur duidelijkheid over repareren, vervangen of een passende offerte.";"Een duidelijke keuze bij een oude of storende ketel";"Heeft uw cv-ketel in Mariahoeve of Marlot storing, drukverlies, lekkage of maakt hij veel lawaai? De ketelcheck helpt u snel de juiste vervolgstap te kiezen.";"In Mariahoeve en Marlot staan woningen waar een eigen cv-ketel nog veel voorkomt. KetelOfferte24.nl helpt bij oude ketels, hoge energiekosten en twijfel over vervanging.";;;1
6;moerwijk;Moerwijk;"Den Haag";district;default;Zuid-Holland;"CV-ketel problemen in Moerwijk? | KetelOfferte24.nl";"CV-ketel lekt, storing of geen warm water in Moerwijk? Doe de snelle ketelcheck en ontvang binnen 24 uur advies of een duidelijke offerte.";"Snelle cv-ketelcheck voor Moerwijk";"CV-ketel problemen in Moerwijk?";"Binnen 24 uur weet u of repareren logisch is of dat vervangen verstandiger is.";"Geen gedoe bij storing, lekkage of drukverlies";"Heeft u in Moerwijk last van een oude cv-ketel, drukverlies, lawaai of geen warm water? Vul de ketelcheck in en ontvang snel duidelijkheid.";"In Moerwijk verschilt de verwarmingssituatie per woning. KetelOfferte24.nl richt zich vooral op woningen met een eigen cv-ketel en helpt bij storing, lekkage en vervangingsvragen.";;;1
7;scheveningen;Scheveningen;"Den Haag";district;default;Zuid-Holland;"Cv-ketel storing Scheveningen? Kust, lekkage of warm water";"Cv-ketel storing, lekkage of geen warm water in Scheveningen? Doe de ketelcheck en ontvang advies over reparatie of vervangen.";"Ketelcheck Scheveningen";"Cv-ketel storing in Scheveningen?";"Woont u dicht bij de kust en heeft u storing, drukverlies, lekkage of geen warm water? Doe de ketelcheck en ontvang snel duidelijkheid.";"Cv-ketelproblemen aan de kust vragen aandacht";"In Scheveningen kunnen kustklimaat, appartementen, oudere installaties en beperkte ketelruimte invloed hebben op cv-ketelproblemen. De ketelcheck helpt om klacht, woningtype en ketelplek duidelijk door te geven.";"Scheveningen valt binnen Den Haag. KetelOfferte24.nl helpt bewoners met een eigen cv-ketel bij storing, lekkage, drukverlies, geen warm water en vervangen.";"<h2>Cv-ketelproblemen in Scheveningen</h2><p>In Scheveningen spelen cv-ketelproblemen vaak in appartementen, oudere woningen en woningen dicht bij de kust. Vocht, windbelasting en oudere rookgasafvoer kunnen extra aandacht vragen bij beoordeling of vervanging.</p><h2>Storing, lekkage of drukverlies</h2><p>Geeft de ketel foutcodes, zakt de druk of ziet u lekkage? Stuur foto’s mee van display, ketel en plek waar de ketel hangt. Zo kan sneller worden beoordeeld of reparatie of vervanging logisch is.</p><h2>Appartement of eigen ketel</h2><p>Controleer bij appartementen of u een eigen cv-ketel heeft en of er VvE-afspraken zijn. Bij collectieve systemen ligt de route anders.</p><h2>Relevante routes</h2><p>Bekijk ook <a href=""/den-haag/"">cv-ketel hulp in Den Haag</a>, <a href=""/cv-ketel-storing-zuid-holland/"">storing</a>, <a href=""/cv-ketel-lekt-zuid-holland/"">lekkage</a>, <a href=""/drukverlies-cv-ketel-zuid-holland/"">drukverlies</a> en <a href=""/gecertificeerde-cv-monteur-zuid-holland/"">gecertificeerde cv-monteur</a>.</p>";"<h2>Veelgestelde vragen over cv-ketels in Scheveningen</h2><h3>Heeft kustklimaat invloed op cv-ketels?</h3><p>Vocht en ligging kunnen extra aandacht vragen, vooral bij oudere installaties en rookgasafvoer.</p><h3>Kan ik als appartementbewoner aanvragen?</h3><p>Ja, als u een eigen cv-ketel heeft. Check VvE- of verhuurafspraken.</p><h3>Welke klacht moet ik kiezen?</h3><p>Kies wat het meest past: storing, lekkage, drukverlies, geen warm water of oude ketel.</p><h3>Wanneer is veiligheid belangrijk?</h3><p>Bij gaslucht, rook of koolmonoxidevermoeden moet u direct veiligheidsmaatregelen nemen.</p><h3>Kan vervangen logischer zijn?</h3><p>Bij oudere ketels, terugkerende storing of lekkage kan vervangen verstandiger zijn.</p>";1
5;schilderswijk-schildersbuurt;"Schilderswijk / Schildersbuurt";"Den Haag";district;default;Zuid-Holland;"Cv-ketel storing Schilderswijk? Geen warm water of lekkage";"Cv-ketel storing, lekkage of geen warm water in de Schilderswijk? Doe de ketelcheck en ontvang binnen 24 uur duidelijkheid.";"Ketelcheck Schilderswijk";"Cv-ketel storing in de Schilderswijk?";"Geen warm water, lekkage, drukverlies of een ketel die uitvalt? Doe de ketelcheck voor de Schilderswijk en ontvang snel duidelijkheid.";"Duidelijkheid bij cv-ketelproblemen in oudere woningen";"In de Schilderswijk en Schildersbuurt kunnen cv-ketelproblemen snel veel overlast geven. Denk aan koude radiatoren, geen warm water, lekkage of een ketel die steeds uitvalt. Met de ketelcheck brengt u de situatie duidelijk in kaart.";"De Schilderswijk ligt in Den Haag. KetelOfferte24.nl helpt bewoners met een eigen cv-ketel bij storing, lekkage, warmwaterproblemen en vervanging.";"<h2>Cv-ketelproblemen in de Schilderswijk</h2><p>In oudere woningen en appartementen kunnen storingen extra vervelend zijn. Geen warm water, drukverlies of lekkage vraagt om een duidelijke beoordeling van ketel, leidingen en woonsituatie.</p><h2>Eigen ketel, huurwoning of beheerder</h2><p>Woont u in een huurwoning? Controleer wie verantwoordelijk is voor de cv-ketel. Heeft u een eigen ketel of mag u zelf een aanvraag doen, vul dan de ketelcheck in met klacht en foto’s.</p><h2>Repareren of vervangen</h2><p>Bij terugkerende storing, oude ketels of lekkage kan vervangen logischer zijn dan blijven repareren. De ketelcheck helpt om die keuze beter te maken.</p><h2>Relevante routes</h2><p>Bekijk ook <a href=""/den-haag/"">cv-ketel hulp in Den Haag</a>, <a href=""/geen-warm-water-zuid-holland/"">geen warm water</a>, <a href=""/cv-ketel-lekt-zuid-holland/"">lekkage</a>, <a href=""/cv-ketel-storing-zuid-holland/"">storing</a> en <a href=""/cv-ketel-vervangen-zuid-holland/"">vervangen</a>.</p>";"<h2>Veelgestelde vragen over cv-ketels in de Schilderswijk</h2><h3>Kan ik als huurder een aanvraag doen?</h3><p>Controleer eerst wie verantwoordelijk is voor de ketel. Soms loopt dit via verhuurder of beheerder.</p><h3>Wat bij geen warm water?</h3><p>Geef aan of verwarming nog werkt en of er een foutcode is.</p><h3>Is lekkage urgent?</h3><p>Bij veel water of water bij elektra moet u direct veiligheidsmaatregelen nemen.</p><h3>Wanneer is vervangen verstandig?</h3><p>Bij oude ketels, herhaalde storingen of hoge reparatiekosten.</p><h3>Kan ik foto’s toevoegen?</h3><p>Ja, dat helpt om de situatie sneller te beoordelen.</p>";1
11;spoorwijk-laakkwartier;"Spoorwijk / Laakkwartier";"Den Haag";district;default;Zuid-Holland;"Cv-ketel storing Spoorwijk of Laakkwartier? Ketelcheck";"Cv-ketel storing, lekkage of geen warm water in Spoorwijk/Laakkwartier? Doe de ketelcheck en ontvang snel duidelijkheid.";"Ketelcheck Spoorwijk/Laakkwartier";"Cv-ketel storing in Spoorwijk of Laakkwartier?";"Heeft u geen warm water, lekkage, drukverlies of een ketel die steeds uitvalt? Start de ketelcheck en ontvang duidelijkheid.";"Snel handelen bij cv-ketelproblemen";"In Spoorwijk en Laakkwartier kan een cv-ketelstoring snel veel overlast geven. Door foutcode, klacht, ketelleeftijd en foto’s door te geven, wordt sneller duidelijk of reparatie of vervanging logisch is.";"Spoorwijk en Laakkwartier liggen in Den Haag. KetelOfferte24.nl helpt bewoners met een eigen cv-ketel bij storing, lekkage en warmwaterproblemen.";"<h2>Cv-ketelproblemen in Spoorwijk en Laakkwartier</h2><p>Geen warm water, koude radiatoren, lekkage of een ketel die uitvalt zijn klachten die snel duidelijkheid vragen. In woningen met een eigen cv-ketel kunt u de situatie via de ketelcheck doorgeven.</p><h2>Maak het probleem concreet</h2><p>Geef aan of het gaat om storing, lekkage, drukverlies, lawaai of een oude ketel. Foto’s van display, typeplaatje en waterdruk maken de aanvraag sterker.</p><h2>Repareren of vervangen</h2><p>Eenmalige storing kan vaak gerepareerd worden. Bij oudere ketels of terugkerende problemen is vervangen soms verstandiger.</p><h2>Relevante routes</h2><p>Bekijk ook <a href=""/den-haag/"">cv-ketel hulp in Den Haag</a>, <a href=""/cv-ketel-storing-zuid-holland/"">storing</a>, <a href=""/geen-warm-water-zuid-holland/"">geen warm water</a>, <a href=""/drukverlies-cv-ketel-zuid-holland/"">drukverlies</a> en <a href=""/cv-ketel-vervangen-zuid-holland/"">vervangen</a>.</p>";"<h2>Veelgestelde vragen over cv-ketels in Spoorwijk en Laakkwartier</h2><h3>Kan ik bij storing direct de ketelcheck invullen?</h3><p>Ja, vermeld foutcode, druk en klacht.</p><h3>Wat als mijn ketel steeds uitvalt?</h3><p>Terugkerende uitval moet worden beoordeeld en kan op slijtage wijzen.</p><h3>Welke foto’s zijn handig?</h3><p>Display, typeplaatje, drukmeter en ketelruimte.</p><h3>Wanneer is vervangen beter?</h3><p>Bij oude ketels, hoge kosten of terugkerende storingen.</p><h3>Wat bij onveilige signalen?</h3><p>Bij gaslucht, rook of koolmonoxidevermoeden moet veiligheid eerst.</p>";1
15;zuiderpark;Zuiderpark;"Den Haag";district;default;Zuid-Holland;"CV-ketel check rondom Zuiderpark | KetelOfferte24.nl";"Woont u rondom Zuiderpark en heeft u een eigen cv-ketel met storing, lekkage of geen warm water? Doe de ketelcheck voor duidelijkheid binnen 24 uur.";"Ketelcheck rondom Zuiderpark";"CV-ketel problemen rondom Zuiderpark?";"Voor woningen met een eigen cv-ketel: binnen 24 uur duidelijk advies of een offerte.";"Gericht advies als uw woning een eigen cv-ketel heeft";"Rondom Zuiderpark verschilt de verwarmingssituatie per woning. Heeft u een eigen cv-ketel en last van storing, drukverlies, lekkage of geen warm water? Start dan met de check.";"KetelOfferte24.nl target Zuiderpark niet breed, maar kan wel helpen bij woningen rondom het gebied waar een eigen cv-ketel aanwezig is.";;;1
42;leiden;Leiden;Leiden;city;city;Zuid-Holland;"Cv-ketel problemen in Leiden? Storing, lekkage of warm water";"Cv-ketel storing, lekkage, drukverlies of geen warm water in Leiden? Doe de gratis ketelcheck en ontvang binnen 24 uur duidelijkheid.";"Cv-ketel hulp in Leiden";"Cv-ketel storing, lekkage of geen warm water in Leiden?";"Heeft u in Leiden last van een storing, lekkage, drukverlies of geen warm water? Met de ketelcheck geeft u snel door wat er speelt en ontvangt u duidelijkheid over repareren of vervangen.";"Snel duidelijkheid bij cv-ketelproblemen in Leiden";"Leiden heeft veel oudere stadswoningen, appartementen en compacte installaties. Dat maakt een goede beoordeling van ketelleeftijd, bereikbaarheid en rookgasafvoer extra belangrijk. Met foto’s en een korte toelichting wordt sneller duidelijk welke vervolgstap logisch is.";"KetelOfferte24.nl helpt bij cv-ketelproblemen in Leiden en omgeving, van storing en drukverlies tot lekkage, geen warm water en vervangen.";"<h2>Veelvoorkomende cv-ketelproblemen in Leiden</h2><p>In Leiden zien bewoners vaak problemen zoals foutcodes, drukverlies, geen warm water, lawaai of lekkage bij de cv-ketel. In oudere stadswoningen en appartementen kan de installatie bovendien op een krappe plek hangen. Daardoor is het extra nuttig om foto’s en ketelinformatie mee te sturen.</p><h2>Oude stadswoning of appartement</h2><p>Bij oudere woningen kan de staat van leidingen, rookgasafvoer en ventilatie invloed hebben op de oplossing. Woont u in een appartement, controleer dan of u een eigen cv-ketel heeft of dat er afspraken zijn met verhuurder of VvE. De ketelcheck helpt om deze context direct mee te nemen.</p><h2>Repareren of vervangen in Leiden</h2><p>Een eenmalige storing bij een jonge ketel hoeft niet direct vervanging te betekenen. Maar bij terugkerende klachten, lekkage of een ketel op leeftijd kan vervangen verstandiger zijn. Door de klacht, leeftijd en foto’s te combineren, ontstaat sneller een realistisch beeld van de beste vervolgstap.</p><h2>Veiligheid en CO-certificering</h2><p>Bij gaslucht of koolmonoxidevermoeden moet u direct veiligheidsmaatregelen nemen. Voor werkzaamheden aan gasverbrandingsinstallaties zoals cv-ketels hoort een CO-gecertificeerd bedrijf te worden ingeschakeld. Controleer dit bij de uitvoerende partij.</p>";"<h2>Veelgestelde vragen over cv-ketels in Leiden</h2><h3>Wat moet ik invullen bij een foutcode?</h3><p>Vul de code in bij de toelichting en stuur eventueel een foto van het display mee.</p><h3>Is drukverlies ernstig?</h3><p>Terugkerend drukverlies kan wijzen op lekkage, expansievatproblemen of een ander defect. Laat dit beoordelen.</p><h3>Kan ik ook advies krijgen over vervangen?</h3><p>Ja, zeker bij oudere ketels of terugkerende storingen kan de aanvraag richting geven.</p><h3>Is dit geschikt voor huurwoningen?</h3><p>Dat hangt af van verantwoordelijkheid voor de cv-ketel. Stem bij huur eerst af met verhuurder als dat nodig is.</p><h3>Wat gebeurt er na de ketelcheck?</h3><p>U ontvangt binnen 24 uur duidelijkheid, advies of een passende offerte wanneer dat logisch is.</p>";1
50;cv-ketel-vervangen-leiden;Leiden;Leiden;city;city;Zuid-Holland;"Cv-ketel vervangen in Leiden? Advies en offerte";"Cv-ketel vervangen in Leiden? Vergelijk repareren of vervangen en ontvang binnen 24 uur advies of een passende offerte via de ketelcheck.";"Cv-ketel vervangen Leiden";"Cv-ketel vervangen in Leiden?";"Is uw cv-ketel oud, storingsgevoelig of niet meer zuinig? Doe de ketelcheck en ontvang duidelijkheid over vervangen, repareren of een passende offerte in Leiden.";"Cv-ketel vervangen in Leiden";"Bij oude ketels, terugkerende storingen of hoge energiekosten is vervangen soms verstandiger dan repareren. De ketelcheck helpt om die keuze concreet te maken en een betere offerte voor te bereiden.";"KetelOfferte24.nl helpt bewoners in Leiden bij het beoordelen van oude cv-ketels en het aanvragen van een passende offerte voor vervanging.";"<h2>Wanneer een cv-ketel vervangen in Leiden?</h2><p>Een cv-ketel vervangen wordt interessant als de ketel oud is, vaak storing geeft, lekt of niet meer zuinig werkt. Ook als reparaties elkaar snel opvolgen, kan een nieuwe ketel financieel verstandiger zijn. In Leiden speelt daarnaast mee dat oudere woningen en compacte installaties soms extra aandacht vragen bij plaatsing en rookgasafvoer.</p><h2>Reparatie eerst vergelijken</h2><p>Vervangen is niet altijd direct nodig. Een jonge ketel met een los defect kan vaak gerepareerd worden. Daarom kijkt de ketelcheck naar leeftijd, klacht, warm water, verwarming, foutcodes en foto’s. Zo krijgt u niet alleen een offerte, maar eerst een betere inschatting van wat verstandig is.</p><h2>Wat is nodig voor een goede offerte?</h2><p>Voor een betere offerte zijn postcode, woningtype, ketelplek, huidige merk en type, warmwaterbehoefte en foto’s belangrijk. Een foto van het typeplaatje en de rookgasafvoer kan veel verschil maken. Hoe completer uw aanvraag, hoe minder losse vragen achteraf.</p><h2>Veiligheid en certificering</h2><p>Een cv-ketel is een gasverbrandingsinstallatie. Voor installatie, onderhoud, reparatie en ingebruikstelling hoort een CO-gecertificeerd bedrijf te worden ingeschakeld. Controleer dit altijd bij de uitvoerende partij voordat de ketel wordt geplaatst of in bedrijf gesteld.</p>";"<h2>Veelgestelde vragen over cv-ketel vervangen in Leiden</h2><h3>Wanneer is vervangen slimmer dan repareren?</h3><p>Bij oude ketels, terugkerende storingen, lekkage of hoge energiekosten kan vervangen verstandiger zijn.</p><h3>Kan ik eerst advies krijgen?</h3><p>Ja. De ketelcheck is bedoeld om te bepalen of repareren of vervangen logisch is.</p><h3>Welke foto’s zijn handig?</h3><p>Foto’s van de ketel, typeplaatje, leidingen, rookgasafvoer en de ruimte rond de ketel.</p><h3>Is de aanvraag vrijblijvend?</h3><p>Ja, u zit niet direct vast aan een opdracht.</p><h3>Moet de installateur gecertificeerd zijn?</h3><p>Voor werkzaamheden aan gasverbrandingsinstallaties hoort een CO-gecertificeerd bedrijf te worden ingeschakeld.</p>";1
44;binnenstad-noord-leiden;Binnenstad-Noord-Leiden;Leiden;neighborhood;default;Zuid-Holland;"CV-ketel problemen in Binnenstad-Noord Leiden? | KetelOfferte24.nl";"Heeft u in Binnenstad-Noord Leiden last van cv-ketel storing, lekkage, drukverlies of geen warm water? Doe de ketelcheck en ontvang binnen 24 uur duidelijkheid.";"Snelle ketelcheck voor Binnenstad-Noord Leiden";"CV-ketel problemen in Binnenstad-Noord Leiden?";"Van storing en lekkage tot vervangen: ontvang binnen 24 uur eerlijk advies of een offerte.";"Twijfelt u tussen repareren of vervangen?";"Heeft u in Binnenstad-Noord Leiden last van een cv-ketel die steeds opnieuw storing geeft, druk verliest, lekt of geen warm water levert? Dan wilt u vooral snel weten waar u aan toe bent. De ketelcheck helpt u bepalen of een reparatie nog voldoende is of dat vervangen verstandiger kan zijn.";"Binnenstad-Noord valt binnen de gemeente Leiden. De verwarmingssituatie verschilt per woning, maar bij woningen met een eigen cv-ketel helpt KetelOfferte24.nl snel met advies, duidelijkheid of een passende offerte.";;;1
43;binnenstad-zuid-leiden;Binnenstad-Zuid;Leiden;district;default;Zuid-Holland;"CV-ketel problemen in Binnenstad-Zuid Leiden? | KetelOfferte24.nl";"CV-ketel storing, lekkage of geen warm water in Binnenstad-Zuid Leiden? Doe de snelle ketelcheck en ontvang binnen 24 uur duidelijkheid.";"Ketelcheck voor Binnenstad-Zuid Leiden";"CV-ketel problemen in Binnenstad-Zuid Leiden?";"Binnen 24 uur duidelijkheid over repareren, vervangen of een passende offerte.";"Snel duidelijkheid bij een oude of storende cv-ketel";"Woont u in Binnenstad-Zuid Leiden en merkt u dat uw cv-ketel minder betrouwbaar wordt? Denk aan terugkerende storingen, drukverlies, lekkage, lawaai, geen warm water of oplopende energiekosten. Met de snelle ketelcheck ziet u of repareren nog logisch is of dat cv-ketel vervangen verstandiger kan zijn.";"Binnenstad-Zuid valt binnen de gemeente Leiden. In oudere stadswoningen kunnen cv-ketelproblemen snel vervelend worden. KetelOfferte24.nl helpt bewoners met een eigen cv-installatie bij storing, lekkage, oude ketels en vervangingsvragen.";;;1
46;leiden-noord;Leiden-Noord;Leiden;district;default;Zuid-Holland;"CV-ketel problemen in Leiden-Noord? | KetelOfferte24.nl";"CV-ketel storing, lekkage, drukverlies of geen warm water in Leiden-Noord? Doe de ketelcheck en ontvang binnen 24 uur duidelijkheid.";"Snelle ketelcheck voor Leiden-Noord";"CV-ketel problemen in Leiden-Noord?";"Voor woningen met een eigen cv-ketel: binnen 24 uur duidelijk advies of een offerte.";"Snel handelen bij cv-ketelproblemen";"Heeft u in Leiden-Noord last van een cv-ketel die steeds opnieuw storing geeft, druk verliest, lekt, lawaai maakt of geen warm water levert? Met de snelle ketelcheck ziet u snel of advies, reparatie of cv-ketel vervangen logisch is.";"Leiden-Noord valt binnen de gemeente Leiden. De verwarmingssituatie kan per woning verschillen. KetelOfferte24.nl helpt vooral bewoners met een eigen cv-ketel bij storing, lekkage, oude ketels en vervangingsvragen.";;;1
47;morsdistrict;Morsdistrict;Leiden;district;default;Zuid-Holland;"CV-ketel problemen in het Morsdistrict? | KetelOfferte24.nl";"Heeft uw woning in het Morsdistrict een eigen cv-ketel met storing, lekkage of drukverlies? Doe de ketelcheck en ontvang binnen 24 uur duidelijkheid.";"Ketelcheck voor woningen met eigen cv-ketel";"CV-ketel problemen in het Morsdistrict?";"Heeft u een eigen cv-ketel? Ontvang binnen 24 uur advies of een passende offerte.";"Alleen relevant bij een eigen cv-installatie";"In het Morsdistrict verschilt de verwarmingssituatie per woning. Heeft uw woning een eigen cv-ketel en merkt u storing, lekkage, drukverlies, lawaai of geen warm water? Dan helpt de ketelcheck u snel bepalen of repareren nog genoeg is of dat vervangen verstandiger kan zijn.";"Het Morsdistrict valt binnen de gemeente Leiden. KetelOfferte24.nl richt zich hier selectief op woningen waar een eigen cv-ketel aanwezig is, zodat bewoners gericht advies of een passende offerte kunnen ontvangen.";;;1
45;noordvest-leiden;Noordvest;Leiden;district;default;Zuid-Holland;"CV-ketel problemen in Noordvest Leiden? | KetelOfferte24.nl";"CV-ketel lekt, storing of geen warm water in Noordvest Leiden? Doe de snelle ketelcheck en ontvang binnen 24 uur advies of een offerte.";"Ketelcheck voor Noordvest Leiden";"CV-ketel problemen in Noordvest Leiden?";"Krijg binnen 24 uur eerlijk advies of een duidelijke offerte voor uw cv-ketel.";"Geen gedoe bij storing, lekkage of drukverlies";"Heeft u in Noordvest Leiden last van geen warm water, lekkage, drukverlies of een cv-ketel die niet betrouwbaar meer werkt? Dan hoeft u niet direct te gokken tussen repareren of vervangen. Start met de ketelcheck en ontvang binnen 24 uur duidelijkheid over de meest logische vervolgstap.";"Noordvest ligt binnen de gemeente Leiden. KetelOfferte24.nl richt zich vooral op woningen met een eigen cv-ketel en helpt bij storingen, oude installaties en de keuze tussen repareren of vervangen.";;;1
12;leidschendam;Leidschendam;Leidschendam-Voorburg;city;default;Zuid-Holland;"Cv-ketel monteur Leidschendam? Ketelcheck en offerte";"Cv-ketel storing, lekkage of geen warm water in Leidschendam? Doe de gratis ketelcheck en ontvang advies of een passende offerte.";"Cv-ketel hulp in Leidschendam";"Cv-ketel monteur of offerte nodig in Leidschendam?";"Bij storing, lekkage, drukverlies of geen warm water in Leidschendam helpt de ketelcheck om snel te bepalen of reparatie, onderhoud of vervanging logisch is.";"Cv-ketel hulp in Leidschendam";"In Leidschendam gaat het vaak om gezinswoningen, appartementen en oudere ketels waarbij repareren of vervangen zorgvuldig moet worden afgewogen. Vul uw klacht, ketelleeftijd en postcode in en stuur eventueel foto’s mee voor een betere beoordeling.";"KetelOfferte24.nl helpt bij cv-ketelproblemen in Leidschendam en omgeving, waaronder storing, lekkage, geen warm water, onderhoud en vervangen.";"<h2>Cv-ketel storing in Leidschendam</h2><p>Een cv-ketel storing komt nooit gelegen. Soms gaat het om een foutcode, soms om radiatoren die koud blijven of warm water dat wegvalt. In Leidschendam kan de juiste aanpak verschillen per woning en per ketel. Daarom vraagt de ketelcheck naar de klacht, urgentie, ketelleeftijd en locatie.</p><h2>Monteur, reparatie of offerte?</h2><p>Zoekt u een cv-ketel monteur in Leidschendam, dan is het belangrijk om eerst duidelijk te hebben wat nodig is. Een jonge ketel met een duidelijke foutcode kan vaak gerepareerd worden. Een oude ketel met terugkerende storing, lekkage of hoge energiekosten kan juist beter vervangen worden.</p><h2>Voor woningen met eigen cv-ketel</h2><p>De aanvraag is vooral bedoeld voor bewoners met een eigen cv-ketel. Bij appartementen, VvE’s of huurwoningen kan de verantwoordelijkheid anders liggen. Geef daarom in de toelichting aan of u eigenaar, huurder of beheerder bent als dat relevant is.</p><h2>Veilig werken aan cv-ketels</h2><p>Bij gaslucht of koolmonoxidevermoeden moet u direct veiligheidsmaatregelen nemen. Voor werkzaamheden aan gasverbrandingsinstallaties hoort een CO-gecertificeerd bedrijf te worden ingeschakeld. Controleer dit altijd voordat werk wordt uitgevoerd.</p>";"<h2>Veelgestelde vragen over cv-ketels in Leidschendam</h2><h3>Kan ik via de ketelcheck een monteur aanvragen?</h3><p>U kunt uw situatie doorgeven. Daarna wordt duidelijk of reparatie, advies of een offerte logisch is.</p><h3>Wanneer is mijn ketel te oud?</h3><p>Vanaf ongeveer 12 tot 15 jaar wordt vergelijken tussen repareren en vervangen vaak verstandiger.</p><h3>Wat als ik geen warm water heb?</h3><p>Geef aan of de verwarming nog werkt en of er een foutcode zichtbaar is.</p><h3>Kan ik vrijblijvend een offerte krijgen?</h3><p>Ja, de aanvraag is bedoeld om duidelijkheid te krijgen zonder directe verplichting.</p><h3>Waarom is CO-certificering belangrijk?</h3><p>Werkzaamheden aan gasverbrandingsinstallaties moeten veilig en volgens de geldende regels worden uitgevoerd.</p>";1
16;rotterdam;Rotterdam;Rotterdam;city;city;Zuid-Holland;"Cv-ketel vervangen of storing in Rotterdam? Ketelcheck";"Cv-ketel storing, lekkage, geen warm water of vervangen in Rotterdam? Doe de gratis ketelcheck en ontvang binnen 24 uur advies of een passende offerte.";"Cv-ketel hulp in Rotterdam";"Cv-ketel storing, lekkage of vervangen in Rotterdam?";"Geen warm water, drukverlies, lekkage of een oude ketel in Rotterdam? Doe de gratis ketelcheck en ontvang binnen 24 uur duidelijkheid, advies of een passende offerte.";"Snel duidelijkheid bij cv-ketelproblemen in Rotterdam";"Rotterdam heeft veel appartementen, portiekwoningen en oudere installaties. Daarom is het belangrijk om niet alleen naar de klacht te kijken, maar ook naar woningtype, ketelleeftijd, bereikbaarheid en eventuele foto’s.";"KetelOfferte24.nl helpt bij cv-ketelproblemen in Rotterdam en omgeving, waaronder storing, lekkage, drukverlies, geen warm water en het vergelijken van repareren of vervangen.";"<h2>Veelvoorkomende cv-ketelproblemen in Rotterdam</h2><p>In Rotterdam komen cv-ketelproblemen vaak voor in appartementen, portiekwoningen en woningen met oudere installaties. Een storing kan beginnen met een foutcode, wisselende waterdruk of radiatoren die niet goed warm worden. Bij lekkage of steeds terugkerend drukverlies is het verstandig om snel te laten beoordelen wat er aan de hand is.</p><h2>Repareren of vervangen?</h2><p>Bij een jonge ketel is reparatie vaak de eerste logische stap. Bij een oudere cv-ketel, hoge energiekosten of terugkerende storingen kan vervangen financieel verstandiger zijn. Via de ketelcheck geeft u de klacht, leeftijd van de ketel, locatie en eventueel foto’s door. Daarmee kan beter worden ingeschat of repareren nog zinvol is of dat een offerte voor vervanging logischer is.</p><h2>Voor welke woningen is dit relevant?</h2><p>Deze pagina is bedoeld voor bewoners met een eigen cv-ketel in Rotterdam. Denk aan appartementen, eengezinswoningen, benedenwoningen en portiekwoningen. Heeft u collectieve verwarming of stadsverwarming, dan is de aanpak anders en ligt de verantwoordelijkheid vaak bij verhuurder, VvE of beheerder.</p><h2>Veiligheid bij gas en lekkage</h2><p>Ruikt u gas, ziet u veel water bij de ketel of vermoedt u koolmonoxidegevaar? Zet veiligheid eerst. Ventileer, gebruik geen vuur of elektrische schakelaars bij gaslucht en neem direct contact op met de juiste noodpartij. Voor werkzaamheden aan gasverbrandingsinstallaties hoort een CO-gecertificeerd bedrijf te worden ingeschakeld. Controleer dit altijd bij de uitvoerende partij.</p>";"<h2>Veelgestelde vragen over cv-ketels in Rotterdam</h2><h3>Wat moet ik doen bij een cv-ketel storing in Rotterdam?</h3><p>Noteer de foutcode, controleer de waterdruk en doe de ketelcheck. Bij gaslucht of onveilige situaties gaat veiligheid altijd voor.</p><h3>Wanneer is vervangen slimmer dan repareren?</h3><p>Bij een oude ketel, herhaalde storingen of hoge energiekosten kan vervangen verstandiger zijn dan opnieuw repareren.</p><h3>Kan ik foto’s meesturen?</h3><p>Ja, foto’s van de ketel, foutcode, typeplaatje of lekkage helpen om uw aanvraag beter te beoordelen.</p><h3>Is de aanvraag verplichtend?</h3><p>Nee, de ketelcheck is bedoeld om duidelijkheid te krijgen. U zit niet direct vast aan een opdracht.</p><h3>Moet een monteur CO-gecertificeerd zijn?</h3><p>Voor werkzaamheden aan gasverbrandingsinstallaties zoals cv-ketels hoort een gecertificeerd bedrijf te worden ingeschakeld. Controleer dit bij de uitvoerende partij.</p>";1
18;hillegersberg-schiebroek;Hillegersberg-Schiebroek;Rotterdam;district;default;Zuid-Holland;"CV-ketel problemen in Hillegersberg-Schiebroek? | KetelOfferte24.nl";"Oude cv-ketel, storing of hoge energiekosten in Hillegersberg-Schiebroek? Doe de ketelcheck en ontvang binnen 24 uur advies of een offerte.";"Ketelcheck voor Hillegersberg-Schiebroek";"CV-ketel vervangen in Hillegersberg-Schiebroek?";"Binnen 24 uur duidelijkheid over uw cv-ketel, inclusief eerlijk advies of een offerte.";"Slim kiezen bij storing, comfortverlies of hoge energiekosten";"Woont u in Hillegersberg-Schiebroek en merkt u dat uw cv-ketel minder betrouwbaar wordt? Denk aan terugkerende storingen, drukverlies, lekkage, lawaai, geen warm water of oplopende energiekosten. Met de snelle ketelcheck ziet u of repareren nog logisch is of dat cv-ketel vervangen op termijn verstandiger kan zijn.";"Hillegersberg-Schiebroek ligt binnen de gemeente Rotterdam. In dit gebied zijn veel woningen waar comfort, warm water en energieverbruik belangrijk zijn. KetelOfferte24.nl helpt bewoners met een eigen cv-ketel bij storingen, oude installaties en vervangingsvragen.";;;1
20;kralingen-kralingen-oost;"Kralingen / Kralingen-Oost";Rotterdam;district;default;Zuid-Holland;"CV-ketel problemen in Kralingen of Kralingen-Oost? | KetelOfferte24.nl";"CV-ketel storing, lekkage of hoge energiekosten in Kralingen of Kralingen-Oost? Doe de ketelcheck en ontvang binnen 24 uur advies of een offerte.";"Ketelcheck voor Kralingen en Kralingen-Oost";"CV-ketel problemen in Kralingen of Kralingen-Oost?";"Binnen 24 uur duidelijkheid over repareren, vervangen of een passende offerte.";"Weet snel of uw cv-ketel nog betrouwbaar is";"Woont u in Kralingen of Kralingen-Oost en twijfelt u door storing, lawaai, drukverlies, lekkage, een oude cv-ketel of stijgende energiekosten? Dan is het slim om verder te kijken dan alleen een snelle reparatie. Met de ketelcheck ziet u of repareren nog logisch is of dat cv-ketel vervangen beter past.";"Kralingen en Kralingen-Oost vallen binnen de gemeente Rotterdam. In dit gebied zijn veel woningen waar comfort, capaciteit en betrouwbaarheid belangrijk zijn. KetelOfferte24.nl helpt bewoners met een eigen cv-installatie bij cv-ketelproblemen en vervangingsvragen.";;;1
19;rotterdam-noord;Noord;Rotterdam;district;default;Zuid-Holland;"CV-ketel problemen in Rotterdam-Noord? | KetelOfferte24.nl";"CV-ketel storing, lekkage, drukverlies of geen warm water in Rotterdam-Noord? Doe de ketelcheck en ontvang binnen 24 uur duidelijkheid.";"Snelle ketelcheck voor Rotterdam-Noord";"CV-ketel problemen in Rotterdam-Noord?";"Van storing en lekkage tot vervangen: ontvang binnen 24 uur duidelijk advies of een offerte.";"Snel duidelijkheid bij een storende of oude cv-ketel";"Heeft u in Rotterdam-Noord last van een cv-ketel die steeds opnieuw storing geeft, druk verliest, lekt of geen warm water levert? Dan wilt u vooral snel weten waar u aan toe bent. De ketelcheck helpt u bepalen of een reparatie nog voldoende is of dat vervangen verstandiger kan zijn.";"Noord valt binnen de gemeente Rotterdam. De verwarmingssituatie verschilt hier per woning. KetelOfferte24.nl richt zich vooral op woningen met een eigen cv-ketel en helpt bij storing, lekkage, oude ketels en de keuze tussen repareren of vervangen.";;;1
22;oud-charlois-charlois;"Oud Charlois / Charlois";Rotterdam;district;default;Zuid-Holland;"CV-ketel problemen in Oud Charlois of Charlois? | KetelOfferte24.nl";"Heeft uw woning in Oud Charlois of Charlois een eigen cv-ketel met storing, lekkage of drukverlies? Doe de ketelcheck en ontvang binnen 24 uur duidelijkheid.";"Ketelcheck voor woningen met eigen cv-ketel";"CV-ketel problemen in Oud Charlois of Charlois?";"Heeft u een eigen cv-ketel? Ontvang binnen 24 uur advies of een passende offerte.";"Alleen relevant bij een eigen cv-installatie";"In Oud Charlois en Charlois verschilt de verwarmingssituatie per woning. Heeft uw woning een eigen cv-ketel en merkt u storing, lekkage, drukverlies, lawaai of geen warm water? Dan helpt de ketelcheck u snel bepalen of repareren nog genoeg is of dat vervangen verstandiger kan zijn.";"Oud Charlois en Charlois vallen binnen de gemeente Rotterdam. KetelOfferte24.nl richt zich hier selectief op woningen waar een eigen cv-ketel aanwezig is. Zo blijft de aanvraag relevant voor bewoners die echt geholpen kunnen worden met cv-keteladvies of een offerte.";;;1
21;oud-ijsselmonde;"Oud IJsselmonde";Rotterdam;district;default;Zuid-Holland;"CV-ketel problemen in Oud IJsselmonde? | KetelOfferte24.nl";"CV-ketel lekt, storing of geen warm water in Oud IJsselmonde? Doe de snelle ketelcheck en ontvang binnen 24 uur advies of een offerte.";"Snelle ketelcheck voor Oud IJsselmonde";"CV-ketel problemen in Oud IJsselmonde?";"Krijg binnen 24 uur eerlijk advies of een duidelijke offerte voor uw cv-ketel.";"Geen gedoe bij storing, lekkage of drukverlies";"Heeft u in Oud IJsselmonde last van geen warm water, lekkage, drukverlies of een cv-ketel die niet betrouwbaar meer werkt? Dan hoeft u niet direct te gokken tussen repareren of vervangen. Start met de ketelcheck en ontvang binnen 24 uur duidelijkheid over de meest logische vervolgstap.";"Oud IJsselmonde valt binnen de gemeente Rotterdam. KetelOfferte24.nl helpt bewoners bij storingen, oude cv-ketels en de keuze tussen repareren of vervangen. Vooral bij woningen met een eigen cv-ketel kan snel advies veel gedoe voorkomen.";;;1
17;overschie;Overschie;Rotterdam;district;default;Zuid-Holland;"CV-ketel problemen in Overschie? | KetelOfferte24.nl";"CV-ketel storing, lekkage of geen warm water in Overschie? Doe de snelle ketelcheck en ontvang binnen 24 uur duidelijkheid, advies of een offerte.";"Snelle ketelcheck voor Overschie";"CV-ketel problemen in Overschie?";"Ontvang binnen 24 uur eerlijk advies of een duidelijke offerte van een gecertificeerde installateur.";"Twijfelt u of uw cv-ketel nog te repareren is?";"Een cv-ketel gaat meestal niet in één keer kapot. Vaak begint het met kleine signalen: de druk zakt steeds terug, het water wordt minder warm, de ketel maakt lawaai of de storing komt steeds vaker terug. Woont u in Overschie en twijfelt u of repareren nog verstandig is? Met de snelle ketelcheck ziet u binnen enkele stappen of advies, reparatie of cv-ketel vervangen logisch is.";"Overschie valt binnen de gemeente Rotterdam. In deze wijk staan woningen waar een eigen cv-installatie voorkomt. KetelOfferte24.nl helpt bewoners snel duidelijkheid te krijgen bij storing, lekkage, een oude cv-ketel, hoge energiekosten of twijfel over repareren of vervangen.";;;1
51;cv-ketel-storing-zuid-holland;Zuid-Holland;Zuid-Holland;region;default;Zuid-Holland;"Cv-ketel storing in Zuid-Holland? Binnen 24 uur advies";"Cv-ketel storing in Zuid-Holland? Doe de gratis ketelcheck bij foutcode, uitval, lawaai of geen verwarming en ontvang binnen 24 uur duidelijkheid.";"Cv-ketel storing Zuid-Holland";"Cv-ketel storing in Zuid-Holland?";"Geeft uw cv-ketel storing, valt de verwarming uit of ziet u een foutcode? Doe de gratis ketelcheck en ontvang binnen 24 uur duidelijkheid, advies of een passende offerte.";"Snel weten wat er met uw cv-ketel aan de hand is";"Een cv-ketel storing kan verschillende oorzaken hebben: lage waterdruk, een defect onderdeel, achterstallig onderhoud, problemen met de ontsteking of een ketel die op leeftijd raakt. Met de ketelcheck geeft u foutcode, klacht, urgentie en foto’s door, zodat sneller duidelijk wordt welke vervolgstap logisch is.";"KetelOfferte24.nl helpt bewoners in Zuid-Holland bij cv-ketel storingen in onder andere Rotterdam, Den Haag, Delft, Leiden, Leidschendam, Zoetermeer, Gouda en Dordrecht.";"<h2>Wat te doen bij een cv-ketel storing?</h2><p>Een cv-ketel storing merkt u vaak aan een foutcode, koude radiatoren, een ketel die niet aanslaat of warm water dat ineens wegvalt. Noteer de foutcode, controleer of de waterdruk normaal is en kijk of er lekkage zichtbaar is. Ga niet zelf sleutelen aan gas, rookgasafvoer of interne onderdelen.</p><h2>Repareren of vervangen?</h2><p>Bij een jonge ketel is reparatie vaak logisch. Bij een oudere ketel, terugkerende storingen of onderdelen die duur worden, kan vervangen verstandiger zijn. De ketelcheck helpt om klacht, leeftijd en situatie bij elkaar te brengen, zodat u geen keuze hoeft te maken op basis van gokken.</p><h2>Wanneer is het spoed?</h2><p>Geen verwarming of warm water is vervelend, maar gaslucht, rook, brandlucht of koolmonoxidevermoeden is een veiligheidsrisico. Ventileer, gebruik geen open vuur of schakelaars bij gaslucht en neem direct contact op met de juiste noodpartij. Een offerteaanvraag komt pas daarna.</p><h2>Veilig en gecertificeerd werken</h2><p>Voor werkzaamheden aan gasverbrandingsinstallaties zoals cv-ketels hoort een CO-gecertificeerd bedrijf te worden ingeschakeld. Controleer altijd bij de uitvoerende partij of deze aan de geldende eisen voldoet.</p><h2>Populaire plaatsen in Zuid-Holland</h2><p>Veel aanvragen komen uit <a href=""/rotterdam/"">Rotterdam</a>, <a href=""/den-haag/"">Den Haag</a>, <a href=""/delft/"">Delft</a>, <a href=""/leiden/"">Leiden</a> en <a href=""/leidschendam/"">Leidschendam</a>. Woont u in een wijkpagina of omliggende plaats, start dan alsnog met de ketelcheck en geef uw postcode door.</p><h2>Gerelateerde cv-ketelproblemen</h2><p>Bij storing ziet u soms ook <a href=""/drukverlies-cv-ketel-zuid-holland/"">drukverlies</a>, <a href=""/geen-warm-water-zuid-holland/"">geen warm water</a> of <a href=""/cv-ketel-lekt-zuid-holland/"">lekkage</a>. Is de ketel oud of komt de storing terug, vergelijk dan ook <a href=""/cv-ketel-vervangen-zuid-holland/"">cv-ketel vervangen</a>.</p>";"<h2>Veelgestelde vragen over cv-ketel storing</h2><h3>Kan ik een foutcode meesturen?</h3><p>Ja, vul de foutcode in bij de toelichting en stuur eventueel een foto van het display mee.</p><h3>Moet ik mijn ketel resetten?</h3><p>Volg alleen de handleiding van uw ketel. Blijft de storing terugkomen, laat de situatie beoordelen.</p><h3>Wanneer is een storing gevaarlijk?</h3><p>Bij gaslucht, rook, brandlucht of koolmonoxidevermoeden moet u direct veiligheidsmaatregelen nemen.</p><h3>Kan een storing betekenen dat mijn ketel vervangen moet worden?</h3><p>Dat hangt af van leeftijd, oorzaak en herhaling. Bij oude ketels kan vervangen verstandiger zijn.</p><h3>Is de ketelcheck vrijblijvend?</h3><p>Ja, u ontvangt duidelijkheid zonder directe verplichting.</p>";1
52;cv-ketel-lekt-zuid-holland;Zuid-Holland;Zuid-Holland;region;default;Zuid-Holland;"Cv-ketel lekt in Zuid-Holland? Snel advies of offerte";"Lekkende cv-ketel in Zuid-Holland? Doe de ketelcheck, stuur foto’s mee en ontvang binnen 24 uur advies over reparatie of vervanging.";"Lekkende cv-ketel";"Cv-ketel lekt in Zuid-Holland?";"Ziet u water bij de ketel, daalt de druk steeds of lekt er water uit leidingen of toestel? Start de ketelcheck en ontvang snel duidelijkheid.";"Neem lekkage bij een cv-ketel serieus";"Een lekkende cv-ketel kan wijzen op een klein defect, maar ook op slijtage, drukproblemen of een onderdeel dat vervangen moet worden. Met foto’s van de lekkage, ketel en waterdruk kan uw aanvraag beter worden beoordeeld.";"KetelOfferte24.nl helpt bij lekkende cv-ketels in Zuid-Holland, van eerste beoordeling tot advies over reparatie of vervanging.";"<h2>Waarom lekt een cv-ketel?</h2><p>Een cv-ketel kan lekken door een defecte koppeling, een probleem met het expansievat, te hoge druk, slijtage of condenswater dat niet goed wordt afgevoerd. Soms is het eenvoudig te repareren, maar bij oudere ketels kan lekkage een signaal zijn dat vervanging dichterbij komt.</p><h2>Wat kunt u zelf controleren?</h2><p>Kijk waar het water vandaan komt, controleer de drukmeter en maak duidelijke foto’s. Zet geen onderdelen open en ga niet zelf aan gas- of rookgasdelen werken. Komt water bij elektra of is de lekkage fors, neem dan direct veiligheidsmaatregelen.</p><h2>Reparatie of vervanging bij lekkage</h2><p>Bij een jonge ketel kan reparatie vaak voldoende zijn. Bij een oude ketel, terugkerende lekkage of meerdere klachten tegelijk is vervangen soms verstandiger. De ketelcheck brengt klacht, ketelleeftijd en foto’s samen voor een betere inschatting.</p><h2>Veiligheid eerst</h2><p>Water en elektra zijn een risico. Bij gaslucht, rook, brandlucht of koolmonoxidevermoeden moet u direct passende hulp inschakelen. Voor werkzaamheden aan cv-ketels hoort een CO-gecertificeerd bedrijf te worden ingeschakeld.</p><h2>Populaire plaatsen in Zuid-Holland</h2><p>Veel aanvragen komen uit <a href=""/rotterdam/"">Rotterdam</a>, <a href=""/den-haag/"">Den Haag</a>, <a href=""/delft/"">Delft</a>, <a href=""/leiden/"">Leiden</a> en <a href=""/leidschendam/"">Leidschendam</a>. Woont u in een wijkpagina of omliggende plaats, start dan alsnog met de ketelcheck en geef uw postcode door.</p><h2>Gerelateerde klachten</h2><p>Een lekkende ketel hangt vaak samen met <a href=""/drukverlies-cv-ketel-zuid-holland/"">drukverlies</a>. Geeft de ketel ook storing, bekijk dan <a href=""/cv-ketel-storing-zuid-holland/"">cv-ketel storing</a>. Is de ketel oud, dan kan <a href=""/cv-ketel-vervangen-zuid-holland/"">vervangen</a> verstandiger zijn.</p>";"<h2>Veelgestelde vragen over een lekkende cv-ketel</h2><h3>Is een lekkende cv-ketel spoed?</h3><p>Bij veel water, water bij elektra of gaslucht wel. Neem dan direct veiligheidsmaatregelen.</p><h3>Welke foto’s moet ik meesturen?</h3><p>Foto’s van de lekkage, ketel, drukmeter, leidingen en typeplaatje helpen het meest.</p><h3>Kan lekkage door drukverlies komen?</h3><p>Ja, lekkage en drukverlies hangen vaak samen. Terugkerend drukverlies moet worden beoordeeld.</p><h3>Moet mijn ketel vervangen worden?</h3><p>Niet altijd. Leeftijd, oorzaak en herhaling bepalen of reparatie of vervanging logischer is.</p><h3>Kan ik vrijblijvend advies krijgen?</h3><p>Ja, de ketelcheck is bedoeld om eerst duidelijkheid te krijgen.</p>";1
53;geen-warm-water-zuid-holland;Zuid-Holland;Zuid-Holland;region;default;Zuid-Holland;"Geen warm water in Zuid-Holland? Doe de ketelcheck";"Geen warm water door uw cv-ketel in Zuid-Holland? Doe de gratis ketelcheck en ontvang binnen 24 uur advies of een passende offerte.";"Geen warm water";"Geen warm water in Zuid-Holland?";"Wordt het water niet warm, wisselt de temperatuur of werkt de verwarming wel maar de kraan niet? Doe de ketelcheck en krijg snel duidelijkheid.";"Snel duidelijkheid als warm water wegvalt";"Geen warm water kan komen door een storing, lage waterdruk, een defecte sensor, een probleem met de warmtewisselaar of een ketel die ouder wordt. Door de situatie kort door te geven, wordt sneller duidelijk welke vervolgstap past.";"KetelOfferte24.nl helpt bewoners in Zuid-Holland bij warmwaterproblemen door een eigen cv-ketel.";"<h2>Waarom heb ik geen warm water?</h2><p>Geen warm water kan verschillende oorzaken hebben. Soms werkt de verwarming nog wel, maar wordt tapwater niet warm. Soms doet de hele ketel niets meer. Noteer of er een foutcode zichtbaar is, of de druk normaal is en of de verwarming nog werkt.</p><h2>Alleen warm water of ook verwarming?</h2><p>Het verschil is belangrijk. Als alleen warm water wegvalt, kan de oorzaak anders zijn dan wanneer ook radiatoren koud blijven. De ketelcheck vraagt daarom naar beide situaties en helpt om de aanvraag concreter te maken.</p><h2>Repareren of vervangen?</h2><p>Bij een jong toestel kan een onderdeel vaak worden vervangen. Bij oudere ketels, wisselende temperatuur, terugkerende storingen of hoge kosten kan vervanging logischer zijn. Foto’s en ketelleeftijd helpen bij de beoordeling.</p><h2>Let op veiligheid</h2><p>Ruikt u gas of vermoedt u koolmonoxidegevaar, gebruik de ketel dan niet verder en neem direct veiligheidsmaatregelen. Voor werkzaamheden aan cv-ketels hoort een CO-gecertificeerd bedrijf te worden ingeschakeld.</p><h2>Populaire plaatsen in Zuid-Holland</h2><p>Veel aanvragen komen uit <a href=""/rotterdam/"">Rotterdam</a>, <a href=""/den-haag/"">Den Haag</a>, <a href=""/delft/"">Delft</a>, <a href=""/leiden/"">Leiden</a> en <a href=""/leidschendam/"">Leidschendam</a>. Woont u in een wijkpagina of omliggende plaats, start dan alsnog met de ketelcheck en geef uw postcode door.</p><h2>Gerelateerde situaties</h2><p>Geen warm water gaat soms samen met <a href=""/cv-ketel-storing-zuid-holland/"">cv-ketel storing</a> of <a href=""/drukverlies-cv-ketel-zuid-holland/"">drukverlies</a>. Bij een oude ketel kan ook <a href=""/cv-ketel-vervangen-zuid-holland/"">cv-ketel vervangen</a> een logische vervolgstap zijn.</p>";"<h2>Veelgestelde vragen over geen warm water</h2><h3>Wat moet ik controleren?</h3><p>Kijk of de ketel aan staat, of er een foutcode is en of de waterdruk normaal is.</p><h3>Waarom werkt de verwarming wel maar warm water niet?</h3><p>Dan kan het probleem specifiek in het tapwaterdeel zitten. Laat dit beoordelen.</p><h3>Kan ik foto’s meesturen?</h3><p>Ja, foto’s van display, ketel en typeplaatje helpen.</p><h3>Is geen warm water altijd spoed?</h3><p>Het is vervelend, maar gaslucht of onveilige signalen hebben altijd voorrang.</p><h3>Krijg ik een offerte?</h3><p>Als vervanging of grotere reparatie logisch is, kan een passende offerte volgen.</p>";1
54;drukverlies-cv-ketel-zuid-holland;Zuid-Holland;Zuid-Holland;region;default;Zuid-Holland;"Drukverlies cv-ketel in Zuid-Holland? Snel advies";"Verliest uw cv-ketel steeds druk in Zuid-Holland? Doe de ketelcheck en ontvang advies over lekkage, expansievat, reparatie of vervanging.";"Drukverlies cv-ketel";"Verliest uw cv-ketel steeds druk?";"Moet u vaak bijvullen of zakt de druk telkens terug? Doe de ketelcheck en ontvang binnen 24 uur duidelijkheid over de mogelijke vervolgstap.";"Terugkerend drukverlies verdient aandacht";"Een keer bijvullen kan normaal zijn, maar steeds terugkerend drukverlies wijst vaak op lekkage, een expansievatprobleem, ontluchting of een defect onderdeel. De ketelcheck helpt om de klacht concreet door te geven.";"KetelOfferte24.nl helpt bewoners in Zuid-Holland bij cv-ketels die druk verliezen of steeds moeten worden bijgevuld.";"<h2>Waarom daalt de druk van mijn cv-ketel?</h2><p>Drukverlies kan ontstaan door kleine lekkages, lucht in het systeem, een defect expansievat, een veiligheidsventiel of slijtage in de ketel. Als de druk steeds opnieuw zakt, is het verstandig om dit te laten beoordelen.</p><h2>Wat kunt u zelf noteren?</h2><p>Schrijf op hoe vaak u moet bijvullen, welke druk u ziet en of er water rond radiatoren, leidingen of ketel ligt. Foto’s van de drukmeter en de ketel helpen om de aanvraag duidelijker te maken.</p><h2>Drukverlies en lekkage</h2><p>Drukverlies en lekkage horen vaak bij elkaar, maar een lekkage is niet altijd direct zichtbaar. Ook leidingen of radiatoren kunnen drukverlies veroorzaken. Daarom is het belangrijk om de hele situatie te beschrijven.</p><h2>Wanneer vervangen?</h2><p>Bij oudere ketels of terugkerende drukproblemen kan vervangen soms logischer zijn dan blijven repareren. De ketelcheck helpt om reparatie en vervanging beter af te wegen.</p><h2>Populaire plaatsen in Zuid-Holland</h2><p>Veel aanvragen komen uit <a href=""/rotterdam/"">Rotterdam</a>, <a href=""/den-haag/"">Den Haag</a>, <a href=""/delft/"">Delft</a>, <a href=""/leiden/"">Leiden</a> en <a href=""/leidschendam/"">Leidschendam</a>. Woont u in een wijkpagina of omliggende plaats, start dan alsnog met de ketelcheck en geef uw postcode door.</p><h2>Gerelateerde problemen</h2><p>Bij drukverlies is <a href=""/cv-ketel-lekt-zuid-holland/"">lekkage</a> een belangrijke mogelijkheid. Als de ketel ook uitvalt, bekijk dan <a href=""/cv-ketel-storing-zuid-holland/"">cv-ketel storing</a>. Komt het probleem steeds terug, vergelijk dan <a href=""/cv-ketel-vervangen-zuid-holland/"">vervangen</a>.</p>";"<h2>Veelgestelde vragen over drukverlies</h2><h3>Hoe vaak bijvullen is normaal?</h3><p>Af en toe bijvullen kan voorkomen. Moet u vaak bijvullen, dan is beoordeling verstandig.</p><h3>Kan drukverlies door lekkage komen?</h3><p>Ja, ook kleine lekkages kunnen drukverlies veroorzaken.</p><h3>Welke foto’s zijn nuttig?</h3><p>Foto’s van de drukmeter, ketel, leidingen en eventuele vochtplekken.</p><h3>Is drukverlies gevaarlijk?</h3><p>Meestal niet direct, maar het kan wel wijzen op een probleem dat opgelost moet worden.</p><h3>Kan drukverlies betekenen dat mijn ketel vervangen moet worden?</h3><p>Bij oude ketels of terugkerende problemen kan vervangen een betere optie worden.</p>";1
55;cv-ketel-vervangen-zuid-holland;Zuid-Holland;Zuid-Holland;region;default;Zuid-Holland;"Cv-ketel vervangen in Zuid-Holland? Offerte binnen 24 uur";"Cv-ketel vervangen in Zuid-Holland? Doe de gratis ketelcheck en ontvang binnen 24 uur advies of een passende offerte voor vervanging.";"Cv-ketel vervangen Zuid-Holland";"Cv-ketel vervangen in Zuid-Holland?";"Is uw ketel oud, storingsgevoelig of duur in onderhoud? Doe de ketelcheck en ontvang binnen 24 uur duidelijkheid of een passende offerte.";"Vergelijk repareren en vervangen voordat u beslist";"Een nieuwe cv-ketel is een serieuze investering. Daarom is het verstandig om eerst te kijken naar leeftijd, storing, warmwatercomfort, energiekosten en woningtype. Met de ketelcheck maakt u een betere offerteaanvraag.";"KetelOfferte24.nl helpt bewoners in Zuid-Holland bij het aanvragen van advies of offerte voor cv-ketel vervanging.";"<h2>Wanneer een cv-ketel vervangen?</h2><p>Vervanging wordt interessant bij een oude ketel, terugkerende storingen, lekkage, slecht warmwatercomfort of hoge energiekosten. Ook als reparatiekosten oplopen, kan vervangen verstandiger zijn.</p><h2>Wat bepaalt een goede offerte?</h2><p>Een goede offerte hangt af van woningtype, warmwaterbehoefte, plek van de ketel, rookgasafvoer, huidige installatie en gewenste capaciteit. Foto’s van typeplaatje, leidingen en ketelruimte helpen om de aanvraag concreter te maken.</p><h2>Binnen 24 uur richting</h2><p>De ketelcheck is bedoeld om snel duidelijkheid te krijgen. U hoeft niet zeker te weten welke ketel u nodig heeft. Eerst wordt beoordeeld of vervanging logisch is en welke informatie nodig is voor een passende offerte.</p><h2>CO-certificering controleren</h2><p>Voor installatie en ingebruikstelling van gasverbrandingsinstallaties hoort een CO-gecertificeerd bedrijf te worden ingeschakeld. Controleer dit altijd bij de uitvoerende partij.</p><h2>Populaire plaatsen in Zuid-Holland</h2><p>Veel aanvragen komen uit <a href=""/rotterdam/"">Rotterdam</a>, <a href=""/den-haag/"">Den Haag</a>, <a href=""/delft/"">Delft</a>, <a href=""/leiden/"">Leiden</a> en <a href=""/leidschendam/"">Leidschendam</a>. Woont u in een wijkpagina of omliggende plaats, start dan alsnog met de ketelcheck en geef uw postcode door.</p><h2>Wanneer eerst reparatie overwegen?</h2><p>Bij een jonge ketel kan <a href=""/cv-ketel-storing-zuid-holland/"">reparatie bij storing</a> nog logisch zijn. Bij <a href=""/cv-ketel-lekt-zuid-holland/"">lekkage</a>, <a href=""/geen-warm-water-zuid-holland/"">geen warm water</a> of terugkerend <a href=""/drukverlies-cv-ketel-zuid-holland/"">drukverlies</a> wordt vergelijken belangrijker.</p>";"<h2>Veelgestelde vragen over cv-ketel vervangen</h2><h3>Krijg ik binnen 24 uur een offerte?</h3><p>U ontvangt binnen 24 uur duidelijkheid, advies of een passende offerte wanneer de aanvraag compleet genoeg is.</p><h3>Welke informatie is nodig?</h3><p>Postcode, woningtype, ketelleeftijd, klacht, warmwatergebruik en foto’s helpen.</p><h3>Moet mijn ketel altijd vervangen worden?</h3><p>Nee. Soms is reparatie logischer. De ketelcheck helpt bij die afweging.</p><h3>Kan ik vrijblijvend aanvragen?</h3><p>Ja, u zit niet direct vast aan een opdracht.</p><h3>Waarom is certificering belangrijk?</h3><p>Een cv-ketel is een gasverbrandingsinstallatie en moet veilig worden geplaatst en gecontroleerd.</p>";1
56;gecertificeerde-cv-monteur-zuid-holland;Zuid-Holland;Zuid-Holland;region;default;Zuid-Holland;"Gecertificeerde cv-monteur Zuid-Holland? Ketelcheck";"Gecertificeerde cv-monteur nodig in Zuid-Holland? Doe de ketelcheck voor storing, onderhoud, reparatie of vervanging van uw cv-ketel.";"Cv-monteur Zuid-Holland";"Gecertificeerde cv-monteur nodig in Zuid-Holland?";"Bij storing, lekkage, onderhoud of vervanging van een cv-ketel is veilige uitvoering belangrijk. Doe de ketelcheck en vraag gericht hulp of een offerte aan.";"Let op veiligheid en certificering";"Werkzaamheden aan cv-ketels vragen om zorgvuldigheid. Voor gasverbrandingsinstallaties hoort een CO-gecertificeerd bedrijf te worden ingeschakeld. Via de ketelcheck brengt u uw situatie duidelijk in kaart.";"KetelOfferte24.nl helpt bewoners in Zuid-Holland bij het vinden van passende hulp voor cv-ketelproblemen.";"<h2>Wanneer heeft u een cv-monteur nodig?</h2><p>Bij storing, lekkage, drukverlies, geen warm water, onderhoud of vervanging kan een cv-monteur nodig zijn. De juiste route hangt af van klacht, ketelleeftijd en veiligheidssituatie.</p><h2>CO-certificering bij cv-ketels</h2><p>Voor installatie, reparatie, onderhoud en ingebruikstelling van gasverbrandingsinstallaties zoals cv-ketels hoort een CO-gecertificeerd bedrijf te worden ingeschakeld. Controleer dit altijd bij de uitvoerende partij voordat werk wordt uitgevoerd.</p><h2>Gerichte aanvraag in plaats van losse belrondes</h2><p>Met de ketelcheck geeft u klacht, postcode, urgentie, ketelleeftijd en foto’s door. Daardoor kan sneller worden bepaald of reparatie, onderhoud of vervanging logisch is.</p><h2>Bij spoed en gevaar</h2><p>Ruikt u gas, ziet u rook of vermoedt u koolmonoxidegevaar? Gebruik de ketel niet verder en neem direct veiligheidsmaatregelen. Een gewone offerteaanvraag is dan niet de eerste stap.</p><h2>Populaire plaatsen in Zuid-Holland</h2><p>Veel aanvragen komen uit <a href=""/rotterdam/"">Rotterdam</a>, <a href=""/den-haag/"">Den Haag</a>, <a href=""/delft/"">Delft</a>, <a href=""/leiden/"">Leiden</a> en <a href=""/leidschendam/"">Leidschendam</a>. Woont u in een wijkpagina of omliggende plaats, start dan alsnog met de ketelcheck en geef uw postcode door.</p><h2>Waarvoor zoekt u hulp?</h2><p>Bekijk ook hulp bij <a href=""/cv-ketel-storing-zuid-holland/"">cv-ketel storing</a>, <a href=""/cv-ketel-lekt-zuid-holland/"">lekkage</a>, <a href=""/geen-warm-water-zuid-holland/"">geen warm water</a>, <a href=""/drukverlies-cv-ketel-zuid-holland/"">drukverlies</a> of <a href=""/cv-ketel-vervangen-zuid-holland/"">cv-ketel vervangen</a>.</p>";"<h2>Veelgestelde vragen over cv-monteurs</h2><h3>Moet een cv-monteur gecertificeerd zijn?</h3><p>Voor werkzaamheden aan gasverbrandingsinstallaties hoort een CO-gecertificeerd bedrijf te worden ingeschakeld.</p><h3>Kan ik via de ketelcheck hulp aanvragen?</h3><p>Ja, u geeft uw situatie door en ontvangt duidelijkheid over de passende vervolgstap.</p><h3>Is onderhoud hetzelfde als reparatie?</h3><p>Nee. Onderhoud is periodieke controle, reparatie lost een concreet defect op.</p><h3>Wat bij gaslucht?</h3><p>Ventileer, gebruik geen open vuur of schakelaars en neem direct contact op met de juiste noodpartij.</p><h3>Kan ik ook een offerte voor vervanging krijgen?</h3><p>Ja, als vervanging logisch is kan een passende offerte volgen.</p>";1
